Asset ID,Asset Barcode,Serial Number,Model,Condition ID,Scrap Value,Current Value,Purchase Price,Is Checked Out,Asset Name,Brand,Manufacturer,Asset Category,Location,Status,Condition,Notes (i.e description of item)
103,XMSA004,,,6,,25000,,FALSE,HP G72 LAPTOP,HP,Hewlett-Park Company,Computing & Communication System,OFFICE,In Use,Good,
104,XMSA005,,650,6,,25000,,FALSE,HP 650 LAPTOP,HP,,Computing & Communication System,OFFICE,In Use,Good,
105,XMSA006,CNU9066NTN,550,6,,20000,,FALSE,HP 550 LAPTOP,HP,HEWLETT-PACKARD COMPANY,Computing & Communication System,OFFICE,In Use,Good,
106,XMSA007,2CE40822ZW,Probook 4540s,6,,28000,,FALSE,HP PROBOOK 4540s LAPTOP,HP,Hewlett-Packard Company,Computing & Communication System,OFFICE,In Use,Good,
107,XMSA0011,2CE92554BL,Pavilion G6,6,,25000,,FALSE,HP PAVILION G60 LAPTOP,HP,Hewlett-Packard Company,Computing & Communication System,TRANSPORT,In Use,Good,
108,XMSA0010,5CG1370H89,Pavilion G6,6,,28000,,FALSE,HP PAVILION G SERIES LAPTOP,HP,Hewlett-Packard Company,Computing & Communication System,OFFICE,In Use,Good,
109,XMSA008,ONHCFP-70166-19E00BX-A00,Inspiron,6,,25000,,FALSE,DELL INSPIRON LAPTOP/VOSTRO 1540,Dell,Dell Company,Computing & Communication System,OFFICE,In Use,Good,
110,XMSA0012,C1MK1KLDDTY4,"Macbook pro (13-Inch,Mid 2012)",6,,55000,,FALSE,APPLE MACBOOK PRO LAPTOP,Apple,Apple Company,Computing & Communication System,OFFICE,In Use,Good,
111,XMSA0013,CN-ONHCFP-70166,Vostro 1540,6,,25000,,FALSE,DELL VOSTRO 1540 LAPTOP,Dell,Dell Incorporated,Computing & Communication System,OFFICE,In Use,Good,
112,XMSA0014,663706-0445202,Pro 3500,6,,35000,,FALSE,HP PRO DESKTOP,HP,Hewlett-Packard Company,Computing & Communication System,OFFICE,In Use,Good,
113,XMSA0015,W802306H5PC,Late 2009,6,,55000,,FALSE,APPLE MAC DESKTOP,Apple,Apple Company,Computing & Communication System,OFFICE,In Use,Good,
114,XMSA0016,DTVD-JEM103225056A29600,Acer,6,,35000,,FALSE,ACER COMPUTER DESKTOP,Acer,Hewlett-Packard Company,Computing & Communication System,OFFICE,In Use,Good,
115,XMSA0017,3CB00921T1,Compaq 500B,6,,30000,,FALSE,COMPAQ 500B MT DESKTOP,Compaq,Hewlett-Packard Company,Computing & Communication System,OFFICE,In Use,Good,
116,XMSA0018,3CB93624K9,Compaq dx-1000,6,,25000,,FALSE,COMPAQ DX-1000 DESKTOP,Compaq,Hewlett-Packard Company,Computing & Communication System,OFFICE,In Use,Good,
117,XMSA0019,3CB93624K9,HP,6,,25000,,FALSE,HP COMPUTER DESKTOP,HP,Hewlett-Packard Company,Computing & Communication System,OFFICE,In Use,Good,
118,XMSA0020,CN41RB11KC,HP Scanjet 300,6,,5000,,FALSE,HP SCANJET 300,HP,Hewlett-Packard Company,Computing & Communication System,OFFICE,In Use,Good,
119,XMSA0021,VNC6L08613,HP Laserjet P1102W,6,,5000,,FALSE,HP LASERJET P1102W,HP,Hewlett-Packard Company,Computing & Communication System,STORE,In Storage,Good,
120,XMSA0022,VNDT89HH4L,HP Laserjet M1522nf,6,,10000,,FALSE,HP LASERJET M1522NF,HP,Hewlett-Packard Company,Computing & Communication System,OFFICE,In Use,Good,
121,XMSA00469,1H87EEHCKA,HP Laserjet M175nw,6,,8000,,FALSE,HP LASERJET 100 COLOR MFP M175nw,HP,Hewlett-Packard Company,Computing & Communication System,OFFICE,In Use,Good,
122,XMSA00470,,KX-TE5824,6,,20000,,FALSE,PANASONIC PABX,Panasonic,Panasonic,Computing & Communication System,OFFICE,In Use,Good,
123,XMSA00471,,KX-TS500MX,6,,2000,,FALSE,PANASONIC HEADSET MX,Panasonic,Panasonic,Computing & Communication System,OFFICE,In Use,Good,
124,XMSA00472,,KX-T2378MXW,6,,2000,,FALSE,PANASONIC HEADSET MXW,Panasonic,Panasonic,Computing & Communication System,OFFICE,In Use,Good,
125,XMSA00473,,KX-T7730X,6,,2000,,FALSE,PANASONIC HEADSET X,Panasonic,Panasonic,Computing & Communication System,OFFICE,In Use,Good,
126,XMSA00028,,DIR-600 Wireless 150,6,,2000,,FALSE,ROUTER D-LINK,,D-Link,Computing & Communication System,OFFICE,In Use,Good,
127,XMSA00029,,,6,,3000,,FALSE,ROUTER MAXIS,,Maxis broadband Router,Computing & Communication System,OFFICE,In Use,Good,
128,XMSA00030,,Workgroup 3024C,6,,7000,,FALSE,SWITCH: ACCTON,,Accton Cheetah,Computing & Communication System,OFFICE,In Use,Good,
129,XMSA00031,,,6,,15000,,FALSE,SWITCH: SMART,,Smart,Computing & Communication System,OFFICE,In Use,Good,
130,XMSA00032,,CAT6 (24 points),6,,10500,,FALSE,PATCH PANEL,,Giganet,Computing & Communication System,OFFICE,In Use,Good,
131,XMSA00033,RF2F30B4K5R,Samsung galaxy note SM-P601,6,,30000,,FALSE,SAMSUNG TABLET,,Samsung,Computing & Communication System,OFFICE,In Use,Good,
132,XMSA00474,,,6,,10000,,FALSE,CLONE COMPUTER,,,Computing & Communication System,TRANSPORT,In Use,Good,
133,XMSA00475,,22U Rack Secured,6,,15000,,FALSE,SERVER CABINET,,,Computing & Communication System,OFFICE,In Use,Good,
134,XMSA00476,,VEV-V1000 VHF/UHF,6,,32000,,FALSE,COMMUNICATION RADIOS,,Weierwei,Computing & Communication System,TRANSPORT,In Use,Good,
135,XMSA00477,2.01504E+12,Network Video Recorder,5,,17000,,FALSE,CCTV: DVR,,NVR,Computing & Communication System,OFFICE,In Use,New,
136,XMSA00478,,CV-1P0228W,5,,17000,,FALSE,CCTV: DOME CAMERA,,,Computing & Communication System,OFFICE,In Use,New,
137,XMSA00479,,CV-1P2118W,5,,16000,,FALSE,CCTV: BULLET CAMERA,,,Computing & Communication System,TRANSPORT,In Use,New,
146,XMSA00480,3.53032E+14,NOKIA,6,,,,TRUE,NOKIA,,,Computing & Communication System,OFFICE,In Use,Good,
147,XMSA00481,3.57134E+14,NOKIA,6,,,,TRUE,NOKIA,,,Computing & Communication System,OFFICE,In Use,Good,
148,XMSA00482,3.52929E+14,BLACKBERRY,6,,,,TRUE,LG 70 BLACKBERRY (To be returned),,,Computing & Communication System,OFFICE,In Use,Good,
150,XMSA00483,3.52929E+14,BLACKBERRY,6,,,,TRUE,LG 70 BLACKBERRY(To be returned),,,Computing & Communication System,OFFICE,In Use,Good,
151,XMSA00484,3.52929E+14,,6,,,,TRUE,LG70,,,Computing & Communication System,OFFICE,In Use,Good,
152,XMSA00485,35775.05.787421.2,BLACKBERRY,6,,,,TRUE,BLACKBERRY,,,Computing & Communication System,OFFICE,In Use,Good,
153,XMSA0047,S/N PF-049 W0014/09,,6,,,,FALSE,LENOVO E540,,,Computing & Communication System,OFFICE,In Use,Good,
154,XMSA0023,XMSA0023,,6,,8000,,FALSE,Office Desk Single Pedestal,,,Furniture,OFFICE,In Use,Good,
155,XMSA0024,XMSA0024,,6,,8000,,FALSE,Office Desk single pedestal,,,Furniture,OFFICE,In Use,Good,
156,XMSA0025,XMSA0025,,,,8000,,FALSE,Office Desk Singlr Pedestal,,,Furniture,OFFICE,In Use,,
157,XMSA0026,XMSA0026,,6,,8000,,FALSE,Office Desk Single Pedestal,,,Furniture,OFFICE,In Use,Good,
158,XMSA0027,XMSA0027,,6,,8000,,FALSE,Office Desk Single Pedestal,,,Furniture,OFFICE,In Use,Good,
159,XMSA0034,XMSA0034,,6,,8000,,FALSE,Office Desk Single Pedestal,,,Furniture,OFFICE,In Use,Good,
160,XMSA0036,XMSA0036,,6,,8000,,FALSE,Office Desk Single Pedestal,,,Furniture,OFFICE,In Use,Good,
161,XMSA0037,XMSA0037,,6,,8000,,FALSE,Office Desk Single Pedestal,,,Furniture,OFFICE,In Use,Good,
162,XMSA0038,XMSA0038,,6,,8000,,FALSE,Office Desk Single Pedestal,,,Furniture,OFFICE,In Use,Good,
163,XMSA0039,XMSA0039,,6,,8000,,FALSE,Office Desk Single Pedestal,,,Furniture,OFFICE,In Use,Good,
164,XMSA0040,XMSA0040,,6,,12000,,FALSE,LARGE OFFICE DESK SINGLE PEDESTAL,,,Furniture,OFFICE,In Use,Good,
165,XMSA0041,XMSA0041,,6,,12000,,FALSE,LARGE OFFICE DESK SINGLE OEDESTAL,,,Furniture,OFFICE,In Use,Good,
166,XMSA0042,XMSA0042,,6,,12000,,FALSE,LARGE OFFICE DESK SINGLE PEDESTAL,,,Furniture,OFFICE,In Use,Good,
167,XMSA0043,XMSA0043,,6,,12000,,FALSE,LARGE OFFICE DESK SINGLE PEDESTAL,,,Furniture,OFFICE,In Use,Good,
168,XMSA0044,XMSA0044,,6,,12000,,FALSE,LARGE OFFICE DESK SINGLE PDESTAL,,,Furniture,OFFICE,In Use,Good,
169,XMSA0045,XMSA0045,,6,,12000,,FALSE,LARGE OFFICE DESK SINGLE PEDESTAL,,,Furniture,OFFICE,In Use,Good,
170,XMSA0046,XMSA0046,,6,,12000,,FALSE,RECEPTION FRONT OFFICE DESK (SINGLE PEDESTAL),,,Furniture,OFFICE,In Use,Good,
171,XMSA0048,XMSA0048,,6,,12000,,FALSE,RECEPTION FRONT OFFICE DESKS (SINGLE PEDESTAL),,,Furniture,OFFICE,In Use,Good,
172,XMSA0049,XMSA0049,,6,,12000,,FALSE,RECEPTION FRONT DESK OFFICE (SINGLE PEDESTAL),,,Furniture,OFFICE,In Use,Good,
173,XMSA0050,XMSA0050,,6,,15000,,FALSE,EXECUTIVE OFFICE DESK (DOUBLE PEDESTAL) L-SHAPED,,,Furniture,OFFICE,In Use,Good,
174,XMSA0051,XMSA0051,,6,,8000,,FALSE,FABRICATED DESKS (MULTIPLE PEDESTALS),,,Furniture,TRANSPORT,In Use,Good,
175,XMSA0052,XMSA0052,,6,,8000,,FALSE,LARGE OFFICE FILING CABINET (DOUBLE DOOR),,,Furniture,OFFICE,In Use,Good,
176,XMSA0053,XMSA0053,,6,,4000,,FALSE,OFFICE FILING CABINET (2 DRAWERS/SHELVES),,,Furniture,OFFICE,In Use,Good,
177,XMSA0054,XMSA0054,,6,,4000,,FALSE,OFFICE FILING CABINET (2 DRAWERS/SHELVES),,,Furniture,OFFICE,In Use,Good,
178,XMSA0055,XMSA0055,,6,,4000,,FALSE,OFFICE FILING CABINET (2DRAWERS/SHELVES),,,Furniture,OFFICE,In Use,Good,
179,XMSA0056,XMSA0056,,6,,4000,,FALSE,OFFICE FILING CABINET (2DRAWERS/SHELVES),,,Furniture,OFFICE,In Use,Good,
180,XMSA0057,XMSA0057,,6,,5500,,FALSE,LARGE DRAWING TABLE,,,Furniture,OFFICE,In Use,Good,
181,XMSA0058,XMSA0058,,6,,5000,,FALSE,SMALL ROUND TABLE,,,Furniture,OFFICE,In Use,Good,
182,XMSA0059,XMSA0059,,6,,12500,,FALSE,EXECUTIVE HIGHBACK SWIVEL CHAIRS,,,Furniture,OFFICE,In Use,Good,
183,XMSA0060,XMSA0060,,6,,10000,,FALSE,HIGHBACK SWIVEL CHAIR,,,Furniture,OFFICE,In Use,Good,
184,XMSA0061,XMSA0061,,6,,10000,,FALSE,HIGHBACK SWIVEL CHAIR,,,Furniture,OFFICE,In Use,Good,
185,XMSA0062,XMSA0062,,6,,10000,,FALSE,HIGHBACK SWIVEL CHAIR,,,Furniture,OFFICE,In Use,Good,
186,XMSA0063,XMSA0063,,6,,8000,,FALSE,MID-BACK SWIVEL CHAIR (FABRIC),,,Furniture,OFFICE,In Use,Good,
187,XMSA0064,XMSA0064,,6,,8000,,FALSE,MID-BACK SWIVEL CHAIR (FABRIC),,,Furniture,OFFICE,In Use,Good,
188,XMSA0065,XMSA0065,,6,,8000,,FALSE,MID-BACK SWIVEL CHAIR (FABRIC),,,Furniture,OFFICE,In Use,Good,
189,XMSA0066,XMSA0066,,6,,8000,,FALSE,MID-BACK SWIVEL CHAIR (FABRIC),,,Furniture,OFFICE,In Use,Good,
190,XMSA0067,XMSA0067,,6,,8000,,FALSE,MID-BACK SWIVEL CHAIR (FABRIC),,,Furniture,OFFICE,In Use,Good,
191,XMSA0068,XMSA0068,,6,,8000,,FALSE,MID-BACK SWIVEL CHAIR (FABRIC),,,Furniture,STORE,In Use,Good,
192,XMSA0069,XMSA0069,,6,,8000,,FALSE,MID-BACK SWIVEL CHAIR (FABRIC),,,Furniture,OFFICE,In Use,Good,
193,XMSA0070,XMSA0070,,6,,8000,,FALSE,MID-BACK SWIVEL CHAIR (FABRIC),,,Furniture,OFFICE,In Use,Good,
194,XMSA0071,XMSA0071,,6,,8000,,FALSE,MID-BACK AWIVEL CHAIR (FABRIC),,,Furniture,OFFICE,In Use,Good,
195,XMSA0072,XMSA0072,,6,,9000,,FALSE,MID-BACK SWIVEL CHAIR (LEATHER),,,Furniture,STORE,In Use,Good,
196,XMSA0073,XMSA0073,,6,,9000,,FALSE,MID-BACK SWIVEL CHAIR (LEATHER),,,Furniture,OFFICE,In Use,Good,
197,XMSA0074,XMSA0074,,6,,9000,,FALSE,MID-BACK SWIVEL CHAIR (LEATHER),,,Furniture,OFFICE,In Use,Good,
198,XMSA0075,XMSA0075,,6,,9000,,FALSE,MID-BACK SWIVEL CHAIR (LEATHER),,,Furniture,OFFICE,In Use,Good,
199,XMSA0076,XMSA0076,,6,,9000,,FALSE,MID-BACK SWIVEL CHAIR (LEATHER),,,Furniture,OFFICE,In Use,Good,
200,XMSA0077,XMSA0077,,6,,9000,,FALSE,MID-BACK SWIVEL CHAIR (LEATHER),,,Furniture,OFFICE,In Use,Good,
201,XMSA0078,XMSA0078,,6,,5500,,FALSE,LOW-BACK/RECEPTION SWIVEL CHAIR,,,Furniture,OFFICE,In Use,Good,
202,XMSA0081,XMSA0081,,6,,5500,,FALSE,LOW-BACK RECEPTION SWIVEL CHAIR,,,Furniture,OFFICE,In Use,Good,
203,XMSA0080,XMSA0080,,6,,5500,,FALSE,LOW-BACK RECEPTION SWIVEL CHAIR,,,Furniture,OFFICE,In Use,Good,
204,XMSA0079,XMSA0079,,6,,5500,,FALSE,LOW-BACK RECEPTION SWIVEL CHAIR,,,Furniture,OFFICE,In Use,Good,
205,XMSA0082,XMSA0082,,6,,3000,,FALSE,VISITORS CHAIRS,,,Furniture,OFFICE,In Use,Good,
206,XMSA0083,XMSA0083,,6,,3000,,FALSE,VISITORS CHAIRS,,,Furniture,OFFICE,In Use,Good,
207,XMSA0084,XMSA0084,,6,,3000,,FALSE,VISITORS CHAIRS,,,Furniture,OFFICE,In Use,Good,
208,XMSA0085,XMSA0085,,6,,3000,,FALSE,VISITORS CHAIRS,,,Furniture,OFFICE,In Use,Good,
209,XMSA0086,XMSA0086,,6,,3000,,FALSE,VISITORS CHAIRS,,,Furniture,OFFICE,In Use,Good,
210,XMSA0087,XMSA0087,,6,,3000,,FALSE,VISITORS CHAIRS,,,Furniture,OFFICE,In Use,Good,
211,XMSA0088,XMSA0088,,6,,3000,,FALSE,VISITORS CHAIRS,,,Furniture,OFFICE,In Use,Good,
212,XMSA0089,XMSA0089,,6,,,,FALSE,PLASTIC CHAIRS,,,Furniture,OFFICE,In Use,Good,
213,XMSA0090,XMSA0090,,6,,,,FALSE,PLASTIC CHAIRS,,,Furniture,STORE,In Use,Good,
214,XMSA0091,XMSA0091,,6,,1200,,FALSE,PLASTIC CHAIRS,,,Furniture,OFFICE,In Use,Good,
215,XMSA0092,XMSA0092,,6,,1200,,FALSE,PLASTIC CHAIRS,,,Furniture,OFFICE,In Use,Good,
216,XMSA0093,XMSA0093,,6,,1200,,FALSE,PLASTIC CHAIRS,,,Furniture,OFFICE,In Use,Good,
217,XMSA0094,XMSA0094,,6,,1200,,FALSE,PLASTIC CHAIRS,,,Furniture,OFFICE,In Use,Good,
218,XMSA0095,XMSA0095,,6,,1200,,FALSE,PLASTIC CHAIRS,,,Furniture,OFFICE,In Use,Good,
219,XMSA0096,XMSA0096,,6,,1200,,FALSE,PLASTIC CHAIRS,,,Furniture,OFFICE,In Use,Good,
220,XMSA0097,XMSA0097,,6,,1200,,FALSE,PLASTIC CHAIRS,,,Furniture,OFFICE,In Use,Good,
221,XMSA0098,XMSA0098,,6,,1200,,FALSE,PLASTIC CHAIRS,,,Furniture,OFFICE,In Use,Good,
222,XMSA0099,XMSA0099,,6,,1200,,FALSE,PLASTIC CHAIRS,,,Furniture,OFFICE,In Use,Good,
223,XMSA00100,XMSA00100,,6,,1200,,FALSE,PLASTIC CHAIRS,,,Furniture,OFFICE,In Use,Good,
224,XMSA00101,XMSA00101,,6,,1200,,FALSE,PLASTIC CHAIRS,,,Furniture,STORE,In Use,Good,
225,XMSA00102,XMSA00102,,6,,1200,,FALSE,PLASTIC CHAIRS,,,Furniture,OFFICE,In Use,Good,
226,XMSA00103,XMSA00103,,6,,1200,,FALSE,PLASTIC CHAIRS,,,Furniture,OFFICE,In Use,Good,
227,XMSA00104,XMSA00104,,6,,1200,,FALSE,PLASTIC CHAIRS,,,Furniture,OFFICE,In Use,Good,
228,XMSA00105,XMSA00105,,6,,1200,,FALSE,PLASTIC CHAIRS,,,Furniture,OFFICE,In Use,Good,
229,XMSA00106,XMSA00106,,6,,1200,,FALSE,PLASTIC CHAIRS,,,Furniture,OFFICE,In Use,Good,
230,XMSA00107,XMSA00107,,6,,1200,,FALSE,PLASTIC CHAIRS,,,Furniture,OFFICE,In Use,Good,
231,XMSA00108,XMSA00108,,6,,1200,,FALSE,PLASTIC CHAIRS,,,Furniture,OFFICE,In Use,Good,
232,XMSA00109,XMSA00109,,6,,10000,,FALSE,WATER DISPENSER,,,GENERAL EQUIPMENT,OFFICE,In Use,Good,
233,XMSA00110,XMSA00110,,6,,10000,,FALSE,WATER DISPENSER,,,GENERAL EQUIPMENT,OFFICE,In Use,Good,
234,XMSA00111,XMSA00111,,6,,4000,,FALSE,MICROWAVE,,,GENERAL EQUIPMENT,OFFICE,In Use,Good,
235,XMSA00112,XMSA00112,,6,,12500,,FALSE,FRIDGE,,,GENERAL EQUIPMENT,OFFICE,In Use,Good,
236,XMSA00113,XMSA00113,,6,,5000,,FALSE,GAS CYLINDER,,,GENERAL EQUIPMENT,OFFICE,In Use,Good,
237,XMSA00114,XMSA00114,,6,,5500,,FALSE,FIRE EXTINGUISHER(CLASS D),,TITAN FIRE AND SECURITY LTD,GENERAL EQUIPMENT,STORE,In Use,Good,
238,XMSA00115,XMSA00115,,6,,5500,,FALSE,FIRE EXTINGUISHER (CLASS D),,TITAN FIRE AND SEC LTD,GENERAL EQUIPMENT,OFFICE,In Use,Good,
239,XMSA00116,XMSA00116,,6,,5500,,FALSE,FIRE EXTINGUISHER CLASS (B&C),,TITAN FIRE,GENERAL EQUIPMENT,OFFICE,In Use,Good,
240,XMSA00117,XMSA00117,,6,,2000,,FALSE,KETTLE,,RAMTONS,GENERAL EQUIPMENT,OFFICE,In Use,Good,
241,XMSA00118,XMSA00118,,6,,5000,,FALSE,COLOUR TELEVISION,,SANYO,GENERAL EQUIPMENT,OFFICE,In Use,Good,
242,XMSA00119,XMSA00119,,6,,25000,,FALSE,COLOUR TELEVISION,,SONY,GENERAL EQUIPMENT,OFFICE,In Use,Good,
243,XMSA00120,7068674,DVD-SR200P,6,,2500,,FALSE,DVD PLAYER,,SONY,GENERAL EQUIPMENT,OFFICE,In Use,Good,
244,XMSA00121,XMSA00121,GEK 8SP-1,6,,1000000,,FALSE,GENERATOR,,caterpillar electric company,GENERAL EQUIPMENT,SQ,In Use,Good,
245,XMSA0122,XMSA00122,SM7,6,,13000,,FALSE,INSTRUMENT MICROPHONES,,,Audio Production,STORE,In Use,Good,
246,XMSA0123,XMSA00123,SM7,6,,13000,,FALSE,INSTRUMENT MICROPHONES,,,Audio Production,STORE,In Use,Good,
247,XMSA0124,XMSA00124,,6,,13000,,FALSE,INSTRUMENT MICROPHONES,,,Audio Production,STORE,In Use,Good,
248,XMSA0125,XMSA00125,SM7,6,,13000,,FALSE,INSTRUMENT MICROPHONES,,,Audio Production,STORE,In Use,Good,
249,XMSA0126,XMSA00126,SM7,6,,13000,,FALSE,INSTRUMENT MICROPHONES,,,Audio Production,STORE,In Use,Good,
250,XMSA0127,XMSA00127,SM7,6,,13000,,FALSE,INSTRUMENT MICROPHONES,,,Audio Production,STORE,In Use,Good,
251,XMSA0128,XMSA00128,,6,,13000,,FALSE,INSTRUMENT MICROPHONES,,,Audio Production,STORE,In Use,Good,
252,XMSA0129,XMSA00129,SM7,6,,13000,,FALSE,INSTRUMENT MICROPHONES,,,Audio Production,STORE,In Use,Good,
253,XMSA0130,XMSA00130,SM7,6,,13000,,FALSE,INSTRUMENT MICROPHONES,,,Audio Production,STORE,In Use,Good,
254,XMSA0131,XMSA00131,SM7,6,,13000,,FALSE,INSTRUMENT MICROPHONES,,,Audio Production,STORE,In Use,Good,
255,XMSA0132,XMSA00132,SM58,7,,10000,,FALSE,VOCAL MICROPHONES,,,Audio Production,STORE,In Use,Fair,
256,XMSA0133,XMSA00133,SM58,7,,10000,,FALSE,VOCAL MICROPHONES,,,Audio Production,STORE,In Use,Fair,
257,XMSA0134,XMSA00134,SM58,7,,10000,,FALSE,VOCAL MICROPHONES,,,Audio Production,STORE,In Use,Fair,
258,XMSA0135,XMSA00135,SM58,7,,10000,,FALSE,VOCAL MICROPHONES,,,Audio Production,STORE,In Use,Fair,
259,XMSA0136,XMSA00136,SM58,7,,10000,,FALSE,VOCAL MICROPHONES,,,Audio Production,STORE,In Use,Fair,
260,XMSA0137,XMSA00137,SM58,7,,10000,,FALSE,VOCAL MICROPHONES,,,Audio Production,STORE,In Use,Fair,
261,XMSA0138,XMSA00138,SM58,7,,10000,,FALSE,VOCAL MICROPHONES,,,Audio Production,STORE,In Use,Fair,
262,XMSA0139,XMSA00139,SM58,7,,10000,,FALSE,VOCAL MICROPHONES,,,Audio Production,STORE,In Use,Fair,
263,XMSA0140,XMSA00140,SM58,7,,10000,,FALSE,VOCAL MICROPHONES,,,Audio Production,STORE,In Use,Fair,
264,XMSA0141,XMSA00141,e609,6,,10000,,FALSE,GUITAR FLAT HEAD,,,Audio Production,STORE,In Use,Good,
265,XMSA0142,XMSA00142,e609,6,,10000,,FALSE,GUITAR FLAT HEAD,,,Audio Production,STORE,In Use,Good,
266,XMSA0143,XMSA00143,e602-II,6,,19000,,FALSE,BASS MIC SENNHEISER,,,Audio Production,STORE,In Use,Good,
267,XMSA0144,XMSA00144,e614,6,,10000,,FALSE,DRUM CLIP,,,Audio Production,STORE,In Use,Good,
268,XMSA0145,XMSA00145,e614,6,,10000,,FALSE,DRUM CLIP,,,Audio Production,STORE,In Use,Good,
269,XMSA0146,XMSA00146,e614,6,,10000,,FALSE,DRUM CLIP,,,Audio Production,STORE,In Use,Good,
270,XMSA0147,XMSA00147,e609,6,,17000,,FALSE,OVERHEAD,,,Audio Production,STORE,In Use,Good,
271,XMSA0148,XMSA00148,e609,6,,17000,,FALSE,OVERHEAD,,,Audio Production,STORE,In Use,Good,
272,XMSA0149,XMSA00149,e609,6,,17000,,FALSE,OVERHEAD,,,Audio Production,STORE,In Use,Good,
273,XMSA0150,XMSA00150,e609,6,,17000,,FALSE,OVERHEAD,,,Audio Production,STORE,In Use,Good,
274,XMSA0151,XMSA00151,98AMP,6,,20000,,FALSE,INSTRUMENT GOOSENECK (DRUM) MIC,,,Audio Production,STORE,In Use,Good,
275,XMSA0152,XMSA00152,98AMP,6,,20000,,FALSE,INSTRUMENT GOOSENECK (DRUM) MIC,,,Audio Production,STORE,In Use,Good,
276,XMSA0153,XMSA00153,98AMP,6,,20000,,FALSE,INSTRUMENT GOOSENECK (DRUM) MIC,,,Audio Production,STORE,In Use,Good,
277,XMSA0154,XMSA00154,BETA 98H,6,,10000,,FALSE,BASS INSTRUMENT MIC,,,Audio Production,STORE,In Use,Good,
278,XMSA0155,XMSA00155,BETA 98H,6,,10000,,FALSE,BASS INSTRUMENT MIC,,,Audio Production,STORE,In Use,Good,
279,XMSA0156,XMSA00156,BETA 98H,6,,10000,,FALSE,BASS INSTRUMENT MIC,,,Audio Production,STORE,In Use,Good,
280,XMSA0157,XMSA00157,BETA 98H,6,,10000,,FALSE,BASS INSTRUMENT MIC,,,Audio Production,STORE,In Use,Good,
281,XMSA0158,XMSA00158,,6,,4500,,FALSE,CONFERENCE MICROPHONE (GOOSENECK),,,Audio Production,STORE,In Use,Good,
282,XMSA0159,XMSA00159,TM66,6,,4500,,FALSE,CONFERENCE MICROPHONE (GOOSENECK),,,Audio Production,STORE,In Use,Good,
283,XMSA0160,XMSA00160,TM66,6,,4500,,FALSE,CONFERENCE MICROPHONE (GOOSENECK),,,Audio Production,STORE,In Use,Good,
284,XMSA0161,XMSA00161,TM66,6,,4500,,FALSE,CONFERENCE MICROPHONE (GOOSENECK),,,Audio Production,STORE,In Use,Good,
285,XMSA0162,XMSA00162,TM66,6,,4500,,FALSE,CONFERENCE MICROPHONE (GOOSENECK),,,Audio Production,STORE,In Use,Good,
286,XMSA0164,XMSA00164,TM66,6,,4500,,FALSE,CONFERENCE MICROPHONE (GOOSENECK),,,Audio Production,STORE,In Use,Good,
287,XMSA0165,XMSA00165,TM66,6,,4500,,FALSE,CONFERENCE MICROPHONE (GOOSENECK),,,Audio Production,STORE,In Use,Good,
288,XMSA0163,XMSA00163,TM66,7,,4500,,FALSE,CONFERENCE MICROPHONE (GOOSENECK),,,Audio Production,STORE,In Use,Fair,
289,XMSA0166,XMSA00166,TM66,7,,4500,,FALSE,CONFERENCE MICROPHONE (GOOSENECK),,,Audio Production,STORE,In Use,Fair,
290,XMSA0167,XMSA00167,TM66,7,,4500,,FALSE,CONFERENCE MICROPHONE (GOOSENECK),,,Audio Production,STORE,In Use,Fair,
291,XMSA0168,XMSA00168,TM66,7,,4500,,FALSE,CONFERENCE MICROPHONE (GOOSENECK),,,Audio Production,STORE,In Use,Fair,
292,XMSA0169,XMSA00169,TM66,7,,4500,,FALSE,CONFERENCE MICROPHONE (GOOSENECK),,,Audio Production,STORE,In Use,Fair,
293,XMSA0170,XMSA00170,TM66,7,,4500,,FALSE,CONFERENCE MICROPHONE (GOOSENECK),,,Audio Production,STORE,In Use,Fair,
294,XMSA0171,XMSA00171,TM66,7,,4500,,FALSE,CONFERENCE MICROPHONE (GOOSENECK),,,Audio Production,STORE,In Use,Fair,
295,XMSA0172,XMSA00172,TM66,7,,4500,,FALSE,CONFERENCE MICROPHONE (GOOSENECK),,,Audio Production,STORE,In Use,Fair,
296,XMSA0173,XMSA00173,"ULX,PGX,SM58",7,,7000,,FALSE,VOCAL MICROPHONES (CORDLESS),,,Audio Production,STORE,In Use,Fair,
297,XMSA0174,XMSA00174,"ULX,PGX,SM58",7,,7000,,FALSE,VOCAL MICROPHONES (CORDLESS),,,Audio Production,STORE,In Use,Fair,
298,XMSA0175,XMSA00175,"ULX,PGX,SM58",6,,7000,,FALSE,VOCAL MICROPHONES (CORDLESS),,,Audio Production,STORE,In Use,Good,
299,XMSA0176,XMSA00176,"ULX,PGX,SM58",6,,7000,,FALSE,VOCAL MICROPHONES (CORDLESS),,,Audio Production,STORE,In Use,Good,
300,XMSA0177,XMSA00177,"ULX,PGX,SM58",6,,7000,,FALSE,VOCAL MICROPHONES (CORDLESS),,,Audio Production,STORE,In Use,Good,
301,XMSA0178,XMSA00178,"ULX,PGX,SM58",6,,7000,,FALSE,VOCAL MICROPHONES (CORDLESS),,,Audio Production,STORE,In Use,Good,
302,XMSA0179,XMSA00179,"ULX,PGX,SM58",6,,7000,,FALSE,VOCAL MICROPHONES (CORDLESS),,,Audio Production,STORE,In Use,Good,
303,XMSA0180,XMSA00180,"ULX,PGX,SM58",6,,7000,,FALSE,VOCAL MICROPHONES (CORDLESS),,,Audio Production,STORE,In Use,Good,
304,XMSA0181,XMSA00181,"ULX,PGX,SM58",6,,7000,,FALSE,VOCAL MICROPHONES (CORDLESS),,,Audio Production,STORE,In Use,Good,
305,XMSA0182,XMSA00182,"ULX,PGX,SM58",6,,7000,,FALSE,VOCAL MICROPHONES (CORDLESS),,,Audio Production,STORE,In Use,Good,
306,XMSA0183,XMSA00183,"ULX,PGX,SM58",6,,7000,,FALSE,VOCAL MICROPHONES (CORDLESS),,,Audio Production,STORE,In Use,Good,
307,XMSA0184,XMSA00184,"ULX,PGX,SM58",6,,7000,,FALSE,VOCAL MICROPHONES (CORDLESS),,,Audio Production,STORE,In Use,Good,
308,XMSA0185,XMSA00185,"ULX,PGX,SM58",6,,7000,,FALSE,VOCAL MICROPHONES (CORDLESS),,,Audio Production,STORE,In Use,Good,
309,XMSA0186,XMSA00186,"ULX,PGX,SM58",6,,7000,,FALSE,VOCAL MICROPHONES (CORDLESS),,,Audio Production,STORE,In Use,Good,
310,XMSA0187,XMSA00187,"ULX,PGX,SM58",6,,7000,,FALSE,VOCAL MICROPHONES (CORDLESS),,,Audio Production,STORE,In Use,Good,
311,XMSA0188,XMSA00188,"ULX,PGX,SM58",6,,7000,,FALSE,VOCAL MICROPHONES (CORDLESS),,,Audio Production,STORE,In Use,Good,
312,XMSA0189,XMSA00189,"ULX,PGX,SM58",6,,7000,,FALSE,VOCAL MICROPHONES (CORDLESS),,,Audio Production,STORE,In Use,Good,
313,XMSA0190,XMSA00190,"ULX,PGX,SM58",6,,7000,,FALSE,VOCAL MICROPHONES (CORDLESS),,,Audio Production,STORE,In Use,Good,
314,XMSA0191,XMSA00191,"ULX,PGX,SM58",6,,7000,,FALSE,VOCAL MICROPHONES (CORDLESS),,,Audio Production,STORE,In Use,Good,
315,XMSA0192,XMSA00192,"ULX,PGX,SM58",6,,7000,,FALSE,VOCAL MICROPHONES (CORDLESS),,,Audio Production,STORE,In Use,Good,
316,XMSA0193,XMSA00193,"ULX,PGX,SM58",6,,7000,,FALSE,VOCAL MICROPHONES (CORDLESS),,,Audio Production,STORE,In Use,Good,
318,XMSA0194,XMSA00194,UA874,6,,45000,,FALSE,DIRECTIONAL ANTENNA (SHURE),,,Audio Production,STORE,In Use,Good,
319,XMSA0195,XMSA00195,UA844SWB,6,,70000,,FALSE,ANTENNA/POWER DISTRIBUTION SYSTEM (SHURE),,,Audio Production,STORE,In Use,Good,
320,XMSA0196,XMSA00196,ew300,6,,16666,,FALSE,WIRELESS RECIEVER AND BODY PACKS-SHURE ULX,,,Audio Production,STORE,In Use,Good,
321,XMSA0197,XMSA00197,ew300,6,,16666,,FALSE,WIRELESS RECIEVER AND BODY PACKS-SHURE ULX,,,Audio Production,STORE,In Use,Good,
322,XMSA0198,XMSA00198,ew300,6,,16666,,FALSE,WIRELESS RECIEVER AND BODY PACKS-SHURE ULX,,,Audio Production,STORE,In Use,Good,
323,XMSA0199,XMSA00199,ew300,6,,16666,,FALSE,WIRELESS RECIEVER AND BODY PACKS-SHURE ULX,,,Audio Production,STORE,In Use,Good,
324,XMSA0200,XMSA00200,,6,,16666,,FALSE,WIRELESS RECIEVER AND BODY PACKS-SHURE ULX,,,Audio Production,STORE,In Use,Good,
325,XMSA0201,XMSA00201,ew300,6,,16666,,FALSE,WIRELESS RECIEVER AND BODY PACKS-SHURE ULX,,,Audio Production,STORE,In Use,Good,
326,XMSA0202,XMSA00202,ME 4,6,,10000,,FALSE,LAVALLIER (LAPEL MIC),,,Audio Production,STORE,In Use,Good,
327,XMSA0203,XMSA00203,ME 4,6,,10000,,FALSE,LAVALLIER (LAPEL MIC),,,Audio Production,STORE,In Use,Good,
328,XMSA0204,XMSA00204,ME 3,6,,10000,,FALSE,HEADSET,,,Audio Production,STORE,In Use,Good,
329,XMSA0205,XMSA00205,ME3,6,,10000,,FALSE,HEADSET,,,Audio Production,STORE,In Use,Good,
330,XMSA0206,XMSA00206,,6,,10000,,FALSE,HEADSET,,,Audio Production,STORE,In Use,Good,
331,XMSA0207,XMSA00207,ME 3,6,,10000,,FALSE,HEADSET,,,Audio Production,STORE,In Use,Good,
332,XMSA0208,XMSA00208,ew300,6,,16666,,FALSE,WIRELESS RECIEVER AND BODY PACKS (SENNHEISER),,,Audio Production,STORE,In Use,Good,
333,XMSA0209,XMSA00209,ew300,6,,16666,,FALSE,WIRELESS RECIEVER AND BODY PACKS (SENNHEISER),,,Audio Production,STORE,In Use,Good,
334,XMSA0210,XMSA00210,ew300,6,,16666,,FALSE,WIRELESS RECIEVER AND BODY PACKS (SENNHEISER),,,Audio Production,STORE,In Use,Good,
335,XMSA0211,XMSA00211,SM58,6,,60000,,FALSE,WIRELESS RECIEVER (CORDLESS)-SHURE SM58,,,Audio Production,STORE,In Use,Good,
336,XMSA0212,XMSA00212,NT 3,6,,24000,,FALSE,CONDENSER,,,Audio Production,STORE,In Use,Good,
337,XMSA0213,XMSA00213,BETA 52 A,6,,15000,,FALSE,BASS DRUM MIC-SHURE BETA,,,Audio Production,STORE,In Use,Good,
338,XMSA0214,XMSA00214,E912-S BK,6,,20000,,FALSE,PIANO MIC,,,Audio Production,STORE,In Use,Good,
339,XMSA0215,XMSA00215,E912-S BK,6,,20000,,FALSE,PIANO MIC,,,Audio Production,STORE,In Use,Good,
340,XMSA0216,XMSA00216,COUNTRYMAN E6,6,,30000,,FALSE,EARSET,,,Audio Production,STORE,In Use,Good,
341,XMSA0217,XMSA00217,COUNTRYMAN E6,6,,30000,,FALSE,EARSET,,,Audio Production,STORE,In Use,Good,
342,XMSA0218,XMSA00218,COUNTRYMAN E6,6,,30000,,FALSE,EARSET,,,Audio Production,STORE,In Use,Good,
343,XMSA0219,XMSA00219,COUNTRYMAN E6,6,,30000,,FALSE,EARSET,,,Audio Production,STORE,In Use,Good,
344,XMSA0220,XMSA00220,,7,,4000,,FALSE,MICROPHONE STANDS (ROUND BASE),,,Audio Production,STORE,In Use,Fair,
345,XMSA0221,XMSA00221,,7,,4000,,FALSE,MICROPHONE STANDS (ROUND BASE),,,Audio Production,STORE,In Use,Fair,
346,XMSA0222,XMSA00222,,7,,4000,,FALSE,MICROPHONE STANDS (ROUND BASE),,,Audio Production,STORE,In Use,Fair,
348,XMSA0223,XMSA00223,,7,,4000,,FALSE,MICROPHONE STANDS (TALL BOOM BASE),,,Audio Production,STORE,In Use,Fair,
349,XMSA0224,XMSA00224,,7,,4000,,FALSE,MICROPHONE STANDS (TALL BOOM BASE),,,Audio Production,STORE,In Use,Fair,
350,XMSA0225,XMSA00225,,7,,4000,,FALSE,MICROPHONE STANDS (TALL BOOM BASE),,,Audio Production,STORE,In Use,Fair,
351,XMSA0226,XMSA00226,,7,,4000,,FALSE,MICROPHONE STANDS (TALL BOOM BASE),,,Audio Production,STORE,In Use,Fair,
352,XMSA0227,XMSA00227,,7,,4000,,FALSE,MICROPHONE STANDS (TALL BOOM BASE),,,Audio Production,STORE,In Use,Fair,
353,XMSA0228,XMSA00228,,7,,2500,,FALSE,MICROPHONE STANDS (SHORT BOOM BASE),,,Audio Production,STORE,In Use,Fair,
354,XMSA0229,XMSA00229,,6,,2500,,FALSE,MICROPHONE STANDS (SHORT BOOM BASE),,,Audio Production,STORE,In Use,Good,
355,XMSA0230,XMSA00230,,7,,2500,,FALSE,MICROPHONE STANDS (SHORT BOOM BASE),,,Audio Production,STORE,In Use,Fair,
356,XMSA0231,XMSA00231,,7,,2500,,FALSE,MICROPHONE STANDS (SHORT BOOM BASE),,,Audio Production,STORE,In Use,Fair,
357,XMSA0232,XMSA00232,,7,,2500,,FALSE,MICROPHONE STANDS (SHORT BOOM BASE),,,Audio Production,STORE,In Use,Fair,
358,XMSA0233,XMSA00233,,7,,4000,,FALSE,MICROPHONE STANDS (BLACK FRAME),,,Audio Production,STORE,In Use,Fair,
359,XMSA0234,XMSA00234,,7,,4000,,FALSE,MICROPHONE STANDS (BLACK FRAME),,,Audio Production,STORE,In Use,Fair,
360,XMSA0235,XMSA00235,,7,,4000,,FALSE,MICROPHONE STANDS (BLACK FRAME),,,Audio Production,STORE,In Use,Fair,
361,XMSA0236,XMSA00236,,7,,4000,,FALSE,MICROPHONE STANDS (BLACK FRAME),,,Audio Production,STORE,In Use,Fair,
362,XMSA0237,XMSA00237,,7,,200000,,FALSE,LINE ARRAY TOPS (TURBO SOUND HDP),,,Audio Production,STORE,In Use,Fair,
363,XMSA0238,XMSA00238,,6,,200000,,FALSE,LINE ARRAY TOPS (TURBO SOUND HDP),,,Audio Production,STORE,In Use,Good,
364,XMSA0239,XMSA00239,,6,,200000,,FALSE,LINE ARRAY TOPS (TURBO SOUND HDP),,,Audio Production,STORE,In Use,Good,
365,XMSA0240,XMSA00240,,6,,200000,,FALSE,LINE ARRAY TOPS (TURBO SOUND HDP),,,Audio Production,STORE,In Use,Good,
366,XMSA0241,XMSA00241,,6,,200000,,FALSE,LINE ARRAY TOPS (TURBO SOUND HDP),,,Audio Production,STORE,In Use,Good,
367,XMSA0242,XMSA00242,,6,,200000,,FALSE,LINE ARRAY TOPS (TURBO SOUND HDP),,,Audio Production,STORE,In Use,Good,
368,XMSA0243,XMSA00243,,6,,200000,,FALSE,LINE ARRAY TOPS (TURBO SOUND HDP),,,Audio Production,STORE,In Use,Good,
369,XMSA0244,XMSA00244,,6,,200000,,FALSE,LINE ARRAY TOPS (TURBO SOUND HDP),,,Audio Production,STORE,In Use,Good,
370,XMSA0245,XMSA00245,,6,,200000,,FALSE,LINE ARRAY TOPS (TURBO SOUND HWDP),,,Audio Production,STORE,In Use,Good,
371,XMSA0246,XMSA00246,,6,,200000,,FALSE,LINE ARRAY TOPS (TURBO SOUND HWDP),,,Audio Production,STORE,In Use,Good,
372,XMSA0247,XMSA00247,,6,,200000,,FALSE,LINE ARRAY TOPS (TURBO SOUND HWDP),,,Audio Production,STORE,In Use,Good,
373,XMSA0248,XMSA00248,TFA-600HWDP,6,,200000,,FALSE,LINE ARRAY TOPS (TURBO SOUND HWDP),,,Audio Production,STORE,In Use,Good,
374,XMSA0249,XMSA00249,TSW-218DP,6,,200000,,FALSE,LINE ARRAY SUBS (TURBO SOUND DP),,,Audio Production,STORE,In Use,Good,
375,XMSA0250,XMSA00250,TSW-218DP,6,,200000,,FALSE,LINE ARRAY SUBS (TURBO SOUND DP),,,Audio Production,STORE,In Use,Good,
376,XMSA0251,XMSA00251,,6,,200000,,FALSE,LINE ARRAY SUBS (TURBO SOUND DP),,,Audio Production,STORE,In Use,Good,
377,XMSA0252,XMSA00252,TSW-218DP,6,,200000,,FALSE,LINE ARRAY SUBS (TURBO SOUND DP),,,Audio Production,STORE,In Use,Good,
378,XMSA0253,XMSA00253,TSW-218DP,6,,200000,,FALSE,LINE ARRAY SUBS (TURBO SOUND DP),,,Audio Production,STORE,In Use,Good,
379,XMSA0254,XMSA00254,TSW-218DP,6,,200000,,FALSE,LINE ARRAY SUBS (TURBO SOUND DP),,,Audio Production,STORE,In Use,Good,
380,XMSA0255,XMSA00255,TSW-218DP,6,,200000,,FALSE,LINE ARRAY SUBS (TURBO SOUND DP),,,Audio Production,STORE,In Use,Good,
381,XMSA0256,XMSA00256,TSW-218DP,6,,200000,,FALSE,LINE ARRAY SUBS (TURBO SOUND DP),,,Audio Production,STORE,In Use,Good,
383,XMSA0258,XMSA00258,,7,,50000,,FALSE,TOPS (JBL EON 10),,,Audio Production,STORE,In Use,Fair,
382,XMSA0257,XMSA00257,EON10 G2,7,,50000,,FALSE,TOPS (JBL EON 10),,,Audio Production,STORE,In Use,Fair,
384,XMSA0259,XMSA00259,,6,,60000,,FALSE,TOPS (JBL EON 15),,,Audio Production,STORE,In Use,Good,
385,XMSA0260,XMSA00260,EON15 G2,6,,60000,,FALSE,TOPS (JBL EON 15),,,Audio Production,STORE,In Use,Good,
386,XMSA0261,XMSA00261,,7,,40000,,FALSE,TOPS (ELECTRO VOICE TX 1152),,,Audio Production,STORE,In Use,Fair,
387,XMSA0262,XMSA00262,,7,,40000,,FALSE,TOPS (ELECTRO VOICE TX 1152),,,Audio Production,STORE,In Use,Fair,
388,XMSA0263,XMSA00263,TX 1181,7,,50000,,FALSE,TOPS (ELECTRO VOICE TX 1181),,,Audio Production,STORE,In Use,Fair,
389,XMSA0264,XMSA00264,TX1181,7,,50000,,FALSE,TOPS (ELECTRO VOICE TX 1181),,,Audio Production,STORE,In Use,Fair,
390,XMSA0265,XMSA00265,TX 1181,7,,50000,,FALSE,TOPS (ELECTRO VOICE TX 1181),,,Audio Production,STORE,In Use,Fair,
391,XMSA0266,XMSA00266,TX1181,7,,50000,,FALSE,TOPS (ELECTRO VOICE TX 1181),,,Audio Production,STORE,In Use,Fair,
392,XMSA0267,XMSA00267,250force i,7,,40000,,FALSE,TOPS(ELECTRO VOICE 250 FORCE I),,,Audio Production,STORE,In Use,Fair,
393,XMSA0268,XMSA00268,250 force i,7,,40000,,FALSE,TOPS(ELECTRO VOICE 250 FORCE I),,,Audio Production,STORE,In Use,Fair,
394,XMSA0269,XMSA00269,SU3,7,,50000,,FALSE,SUB WOOFER (ELECTRO VOICE SU3),,,Audio Production,STORE,In Use,Fair,
395,XMSA0270,XMSA00270,TMW-115,6,,100000,,FALSE,MONITORS (TURBO TMW-115),,,Audio Production,STORE,In Use,Good,
396,XMSA0271,XMSA00271,TMW-115,6,,100000,,FALSE,MONITORS (TURBO TMW-115),,,Audio Production,STORE,In Use,Good,
397,XMSA0272,XMSA00272,TMW-115,6,,100000,,FALSE,MONITORS (TURBO TMW-115),,,Audio Production,STORE,In Use,Good,
398,XMSA0273,XMSA00273,TMW-115,6,,100000,,FALSE,MONITORS (TURBO TMW-115),,,Audio Production,STORE,In Use,Good,
399,XMSA0274,XMSA00274,TQ-440SP,6,,130000,,FALSE,TOPS(TURBOSOUND TQ 440 SP) WITH TRANSPRT CASES,,,Audio Production,STORE,In Use,Good,
400,XMSA0275,XMSA00275,TQ-440SP,6,,130000,,FALSE,TOPS(TURBOSOUND TQ 440 SP) WITH TRANSPRT CASES,,,Audio Production,STORE,In Use,Good,
401,XMSA0276,XMSA00276,TQ-440SP,6,,130000,,FALSE,TOPS(TURBOSOUND TQ 440 SP) WITH TRANSPRT CASES,,,Audio Production,STORE,In Use,Good,
402,XMSA0277,XMSA00277,TQ-440SP,6,,130000,,FALSE,TOPS(TURBOSOUND TQ 440 SP) WITH TRANSPRT CASES,,,Audio Production,STORE,In Use,Good,
403,XMSA0278,XMSA00278,TQ-440SP,6,,130000,,FALSE,TOPS(TURBOSOUND TQ 440 SP) WITH TRANSPRT CASES,,,Audio Production,STORE,In Use,Good,
404,XMSA0279,XMSA00279,TQ-440SP,6,,130000,,FALSE,TOPS(TURBOSOUND TQ 440 SP) WITH TRANSPRT CASES,,,Audio Production,STORE,In Use,Good,
405,XMSA0280,XMSA00280,TQ-440SP,6,,130000,,FALSE,TOPS(TURBOSOUND TQ 440 SP) WITH TRANSPRT CASES,,,Audio Production,STORE,In Use,Good,
406,XMSA0281,XMSA00281,TQ-440SP,6,,130000,,FALSE,TOPS(TURBOSOUND TQ 440 SP) WITH TRANSPRT CASES,,,Audio Production,STORE,In Use,Good,
407,XMSA0282,XMSA00282,TQ-440SP,6,,100000,,FALSE,SUB WOOFER(TURBOSOUND TQ 425),,,Audio Production,STORE,In Use,Good,
408,XMSA0283,XMSA00283,TQ 425,7,,100000,,FALSE,SUB WOOFER(TURBOSOUND TQ 425),,,Audio Production,STORE,In Use,Fair,
409,XMSA0284,XMSA00284,,7,,100000,,FALSE,SUB WOOFER(TURBOSOUND TQ 425),,,Audio Production,STORE,In Use,Fair,
410,XMSA0285,XMSA00285,TQ 425,7,,100000,,FALSE,SUB WOOFER(TURBOSOUND TQ 425),,,Audio Production,STORE,In Use,Fair,
411,XMSA0286,XMSA00286,NUQ8DP,6,,130000,,FALSE,TOPS (TURBOSOUND NUQ8-DP),,,Audio Production,STORE,In Use,Good,
412,XMSA0287,XMSA00287,NUQ8DP,6,,130000,,FALSE,TOPS (TURBOSOUND NUQ8-DP),,,Audio Production,STORE,In Use,Good,
413,XMSA0288,XMSA00288,NUQ8DP,6,,130000,,FALSE,TOPS (TURBOSOUND NUQ8-DP),,,Audio Production,STORE,In Use,Good,
414,XMSA0289,XMSA00289,NUQ8-DP,6,,130000,,FALSE,TOPS (TURBOSOUND NUQ8-DP),,,Audio Production,STORE,In Use,Good,
415,XMSA0290,XMSA00290,B15-DP,6,,170000,,FALSE,SUB-WOOFER (TURBOSOUND B15-DP),,,Audio Production,STORE,In Use,Good,
416,XMSA0291,XMSA00291,B15-DP,6,,170000,,FALSE,SUB-WOOFER (TURBOSOUND B15-DP),,,Audio Production,STORE,In Use,Good,
417,XMSA0292,XMSA00292,M15,6,,80000,,FALSE,TOPS (TURBOSOUND M15),,,Audio Production,STORE,In Use,Good,
418,XMSA0293,XMSA00293,M15,6,,80000,,FALSE,TOPS (TURBOSOUND M15),,,Audio Production,STORE,In Use,Good,
419,XMSA0294,XMSA00294,M15,6,,80000,,FALSE,TOPS (TURBOSOUND M15),,,Audio Production,STORE,In Use,Good,
420,XMSA0295,XMSA00295,M15,6,,80000,,FALSE,TOPS (TURBOSOUND M15),,,Audio Production,STORE,In Use,Good,
421,XMSA0296,XMSA00296,M18,6,,100000,,FALSE,TOPS (TURBOSOUND M18),,,Audio Production,STORE,In Use,Good,
422,XMSA0297,XMSA00297,M18,6,,100000,,FALSE,TOPS (TURBOSOUND M18),,,Audio Production,STORE,In Use,Good,
423,XMSA0298,XMSA00298,,7,,4000,,FALSE,SPEAKER STAND,,,Audio Production,STORE,In Use,Fair,
424,XMSA0299,XMSA00299,,7,,4000,,FALSE,SPEAKER STAND,,,Audio Production,STORE,In Use,Fair,
425,XMSA0300,XMSA00300,,7,,4000,,FALSE,SPEAKER STAND,,,Audio Production,STORE,In Use,Fair,
426,XMSA0301,XMSA00301,,7,,4000,,FALSE,SPEAKER STAND,,,Audio Production,STORE,In Use,Fair,
427,XMSA0302,XMSA00302,,7,,4000,,FALSE,SPEAKER STAND,,,Audio Production,STORE,In Use,Fair,
428,XMSA0303,XMSA00303,,7,,4000,,FALSE,SPEAKER STAND,,,Audio Production,STORE,In Use,Fair,
429,XMSA0304,XMSA00304,,7,,4000,,FALSE,SPEAKER STAND,,,Audio Production,STORE,In Use,Fair,
430,XMSA0305,XMSA00305,,7,,4000,,FALSE,SPEAKER STAND,,,Audio Production,STORE,In Use,Fair,
431,XMSA0306,XMSA00306,,7,,4000,,FALSE,SPEAKER STAND,,,Audio Production,STORE,In Use,Fair,
432,XMSA0307,XMSA00307,,7,,4000,,FALSE,SPEAKER STAND,,,Audio Production,STORE,In Use,Fair,
433,XMSA0308,XMSA00308,,7,,4000,,FALSE,SPEAKER STAND,,,Audio Production,STORE,In Use,Fair,
434,XMSA0309,XMSA00309,,7,,4000,,FALSE,SPEAKER STAND,,,Audio Production,STORE,In Use,Fair,
435,XMSA0310,XMSA00310,,7,,4000,,FALSE,SPEAKER STAND,,,Audio Production,STORE,In Use,Fair,
436,XMSA0311,XMSA00311,,6,,4000,,FALSE,SPEAKER STAND,,,Audio Production,STORE,In Use,Good,
437,XMSA0312,XMSA00312,,7,,4000,,FALSE,SPEAKER STAND,,,Audio Production,STORE,In Use,Fair,
438,XMSA0313,XMSA00313,,7,,4000,,FALSE,SPEAKER STAND,,,Audio Production,STORE,In Use,Fair,
439,XMSA0314,XMSA00314,,7,,4000,,FALSE,SPEAKER STAND,,,Audio Production,STORE,In Use,Fair,
440,XMSA0315,XMSA00315,,7,,4000,,FALSE,SPEAKER STAND,,,Audio Production,STORE,In Use,Fair,
441,XMSA0316,XMSA00316,,7,,4000,,FALSE,SPEAKER STAND,,,Audio Production,STORE,In Use,Fair,
442,XMSA0317,XMSA00317,,7,,4000,,FALSE,SPEAKER STAND,,,Audio Production,STORE,In Use,Fair,
443,XMSA0318,XMSA00318,GS600,7,,40000,,FALSE,GROUND STACKS PLINTH,,,Audio Production,STORE,In Use,Fair,
444,XMSA0319,XMSA00319,,6,,40000,,FALSE,GROUND STACKS PLINTH,,,Audio Production,STORE,In Use,Good,
445,XMSA0320,XMSA00320,"NS 61.13,NS 61.14",6,,255000,,FALSE,FLY BAR,,,Audio Production,STORE,In Use,Good,
446,XMSA0321,XMSA00321,"NS 61.13,NS 61.14",6,,255000,,FALSE,FLY BAR,,,Audio Production,STORE,In Use,Good,
447,XMSA0322,XMSA00322,TS-880/890,6,,7500,,FALSE,SPEAKER STRAPS,,,Audio Production,STORE,In Use,Good,
448,XMSA0323,XMSA00323,,6,,7500,,FALSE,SPEAKER STRAPS,,,Audio Production,STORE,In Use,Good,
449,XMSA0324,XMSA00324,FT-600/3,7,,450000,,FALSE,FLIGHT CASES (TURBOSOUND FLEX TOPS),,,Audio Production,STORE,In Use,Fair,
450,XMSA0325,XMSA00325,P 700 PSERIES,6,,45000,,FALSE,CHANNEL AMPLIFIERS,,,Audio Production,STORE,In Use,Good,
451,XMSA0326,XMSA00326,P700 PSERIES,6,,45000,,FALSE,CHANNEL AMPLIFIERS,,,Audio Production,STORE,In Use,Good,
452,XMSA0327,XMSA00327,SL2400,6,,75000,,FALSE,DYNACORD SL 2400,,,Audio Production,STORE,In Use,Good,
453,XMSA0328,XMSA00328,SL 2400,6,,75000,,FALSE,DYNACORD SL 2400,,,Audio Production,STORE,In Use,Good,
454,XMSA0329,XMSA00329,HA 3500,6,,30000,,FALSE,BASS HEAD-HARTKE HA 3500,,,Audio Production,STORE,In Use,Good,
455,XMSA0330,XMSA00330,,6,,30000,,FALSE,BASS CABINET-HARTKE 4.5 XL (4*10),,,Audio Production,STORE,In Use,Good,
456,XMSA0331,XMSA00331,JTM 45 (2245),,,130000,,FALSE,LEAD VALVE HEAD-MARSHALL JTM 45 (2245),,,Audio Production,STORE,,,
457,XMSA0332,XMSA00332,MR 1960 AX-h ANGLED,6,,90000,,FALSE,LEAD CABINET MARSHALL MR 1960 AX-h ANGLED,,,Audio Production,STORE,In Use,Good,
458,XMSA0333,XMSA00333,SUPER REVERB,6,,190000,,FALSE,GUITARISTS AMP-FENDER SUPER REVERB,,,Audio Production,STORE,In Use,Good,
459,XMSA0334,XMSA00334,RACK 50,6,,240000,,FALSE,4 CHANNEL AMP-TURBOSOUND RACK 50,,,Audio Production,STORE,In Use,Good,
460,XMSA0335,XMSA00335,RACK 50,6,,240000,,FALSE,4 CHANNEL AMP-TURBOSOUND RACK 50,,,Audio Production,STORE,In Use,Good,
461,XMSA0336,XMSA00336,RACK50,6,,240000,,FALSE,4 CHANNEL AMP-TURBOSOUND RACK 50,,,Audio Production,STORE,In Use,Good,
462,XMSA0337,XMSA00337,X MIX DP-50 DISTRO,6,,100000,,FALSE,DISTRIBUTOR,,,Audio Production,STORE,In Use,Good,
463,XMSA0338,XMSA00338,GL3800,6,,450000,,FALSE,32 CHANNEL-ALLEN & HEATH,,,Audio Production,STORE,In Use,Good,
464,XMSA0339,XMSA00339,GL 2400 424,6,,170000,,FALSE,ALLEN &HEATH GL 2400-424,,,Audio Production,STORE,In Use,Good,
465,XMSA0340,XMSA00340,QU 24,6,,250000,,FALSE,ALLEN &HEATH  QU 24,,,Audio Production,STORE,In Use,Good,
466,XMSA0341,XMSA00341,RPS 11,6,,60000,,FALSE,MIX POWER SUPPLY FOR ALLEN &HEATH  GL DESK,,,Audio Production,STORE,In Use,Good,
467,XMSA0343,XMSA00343,ZED 10,6,,25000,,FALSE,6 CHANNEL-ALLEN &HEATH ZED 10 ,,,Audio Production,STORE,In Use,Good,
468,XMSA0342,XMSA00342,TTM 57 SL,6,,100000,,FALSE,DISK JOCKEY (DJ) MIXERS,,,Audio Production,STORE,In Use,Good,
469,XMSA0344,XMSA00344,SIXTY-TWO,6,,150000,,FALSE,RANE 62,,,Audio Production,STORE,In Use,Good,
470,XMSA0345,XMSA00345,DN-X500,6,,120000,,FALSE,DENON DN X500,,,Audio Production,STORE,In Use,Good,
471,XMSA0346,XMSA00346,,6,,25000,,FALSE,PRESS BOX,,,Audio Production,STORE,In Use,Good,
472,XMSA0347,XMSA00347,,6,,25000,,FALSE,PRESS BOX,,,Audio Production,STORE,In Use,Good,
473,XMSA0348,XMSA00348,AM-401,7,,5000,,FALSE,SOUND KING,,,Audio Production,STORE,In Use,Fair,
474,XMSA0349,XMSA00349,AM-401,6,,5000,,FALSE,SOUND KING,,,Audio Production,STORE,In Use,Good,
475,XMSA0350,XMSA00350,AM-401,7,,5000,,FALSE,SOUND KING,,,Audio Production,STORE,In Use,Fair,
476,XMSA0351,XMSA00351,,7,,5000,,FALSE,SOUND KING,,,Audio Production,STORE,In Use,Fair,
477,XMSA0352,XMSA00352,AM-401,7,,5000,,FALSE,SOUND KING,,,Audio Production,STORE,In Use,Fair,
478,XMSA0353,XMSA00353,ULTRA-D,7,,5000,,FALSE,BEHRINGER,,,Audio Production,STORE,In Use,Fair,
479,XMSA0354,XMSA00354,ULTRA-D,6,,5000,,FALSE,BEHRINGER,,,Audio Production,STORE,In Use,Good,
480,XMSA0355,XMSA00355,S-DIRECT,6,,5000,,FALSE,SAMSON S-DIRECT,,,Audio Production,STORE,In Use,Good,
481,XMSA0356,XMSA00356,S-DIRECT,6,,5000,,FALSE,SAMSON S-DIRECT,,,Audio Production,STORE,In Use,Good,
482,XMSA0357,XMSA00357,GB2,6,,160000,,FALSE,16 CHANNEL-SOUND CRAFT MIXER,,,Audio Production,STORE,In Use,Good,
483,XMSA0358,XMSA00358,MFX12/2,6,,140000,,FALSE,12 CHANNEL-SOUNDCRAFT MIXER,,,Audio Production,STORE,In Use,Good,
484,XMSA0359,XMSA00359,ST-150 MK II,7,,55000,,FALSE,PROFESSIONAL DISK JOCKEY (DJ) VINYL TURNTABLES,,,Audio Production,STORE,In Use,Fair,
485,XMSA0360,XMSA00360,ST-150MK II,7,,55000,,FALSE,PROFESSIONAL DISK JOCKEY (DJ) VINYL TURNTABLES,,,Audio Production,STORE,In Use,Fair,
486,XMSA0361,XMSA00361,PRO MDX2200,6,,17000,,FALSE,COMPRESSOR,,,Audio Production,STORE,In Use,Good,
487,XMSA0362,XMSA00362,PRO MDX2200,6,,17000,,FALSE,COMPRESSOR,,,Audio Production,STORE,In Use,Good,
488,XMSA0363,XMSA00363,PRO MDX2200,6,,17000,,FALSE,COMPRESSOR,,,Audio Production,STORE,In Use,Good,
489,XMSA0364,XMSA00364,PRO MDX2200,6,,17000,,FALSE,COMPRESSOR,,,Audio Production,STORE,In Use,Good,
490,XMSA0365,XMSA00365,TC ELECTRONICS M350,6,,16000,,FALSE,REVERB,,,Audio Production,STORE,In Use,Good,
491,XMSA0366,XMSA00366,PRO XR4400,6,,16000,,FALSE,GATES,,,Audio Production,STORE,In Use,Good,
492,XMSA0367,XMSA00367,PRO EX3200,6,,17000,,FALSE,SOUND ENHANCER,,,Audio Production,STORE,In Use,Good,
493,XMSA0368,XMSA00368,PRO GEQ 3102,6,,23000,,FALSE,EQUALIZER,,,Audio Production,STORE,In Use,Good,
494,XMSA0369,XMSA00369,PRO GEQ 3102,6,,23000,,FALSE,EQUALIZER,,,Audio Production,STORE,In Use,Good,
495,XMSA0370,XMSA00370,PRO GEQ 3102,6,,23000,,FALSE,EQUALIZEER,,,Audio Production,STORE,In Use,Good,
496,XMSA0371,XMSA00371,VIRTUALIZER PRO DSP1000P,6,,20000,,FALSE,EFFECTS,,,Audio Production,STORE,In Use,Good,
497,XMSA0372,XMSA00372,PRO XR4400,6,,19000,,FALSE,GATES,,,Audio Production,STORE,In Use,Good,
498,XMSA0373,XMSA00373,TC ELECTRONICS M350,6,,19000,,FALSE,REVERB,,,Audio Production,STORE,In Use,Good,
499,XMSA0374,XMSA00374,,6,,14000,,FALSE,VX2000 PROCESSOR    PHONIC PPC 8000E,,,Audio Production,STORE,In Use,Good,
500,XMSA0375,XMSA00375,,6,,14000,,FALSE,VX2000 PROCESSOR    PHONIC PPC 8000E,,,Audio Production,STORE,In Use,Good,
501,XMSA0376,XMSA00376,SUPER X PRO CX 2310(XLR),6,,10000,,FALSE,CROSSOVERS,,,Audio Production,STORE,In Use,Good,
502,XMSA0377,XMSA00377,234XL,6,,15000,,FALSE,DBX 234XL,,,Audio Production,STORE,In Use,Good,
503,XMSA0378,XMSA00378,LMS D24,6,,80000,,FALSE,SPEAKER MANAGEMENT,,,Audio Production,STORE,In Use,Good,
504,XMSA0379,XMSA00379,INTERFACE ZA 1001,6,,15000,,FALSE,BV NET USB&RS 232(INTERFACE ZA 1001,,,Audio Production,STORE,In Use,Good,
505,XMSA0380,XMSA00380,INTERFACE ZA1001,6,,15000,,FALSE,BV NET USB&RS 232(INTERFACE ZA 1001,,,Audio Production,STORE,In Use,Good,
506,XMSA0381,XMSA00381,,6,,25000,,FALSE,GLASS PODIUM,,,Audio Production,STORE,In Use,Good,
507,XMSA0382,XMSA00382,,6,,6000,,FALSE,HDMI TO AV CONVERTOR BOX,,,Audio Production,STORE,In Use,Good,
508,XMSA0383,XMSA00383,,6,,6000,,FALSE,HDMI TO AV CONVERTOR BOX,,,Audio Production,STORE,In Use,Good,
509,XMSA0384,XMSA00384,,6,,700,,FALSE,MINI DISPLAY TO HDMI ADAPTERS,,,Audio Production,STORE,In Use,Good,
510,XMSA0385,XMSA00385,,6,,700,,FALSE,MINI DISPLAY TO HDMI ADAPTERS,,,Audio Production,STORE,In Use,Good,
586,XMSA0460,,SU3,7,,50000,,FALSE,SUB WOOFER (ELECTRO VOICE SU3),,,Audio Production,STORE,In Use,Fair,
511,XMSA0386,XMSA00386,,6,,300000,,FALSE,DRUMSET,,,Audio Production,STORE,In Use,Good,
512,XMSA00387,XMSA00387,S3,5,,58184,,FALSE,LARGE LED DISPLAY,,,Video Production,STORE,In Use,New,
513,XMSA00388,XMSA00388,S3,5,,58184,,FALSE,LARGE LED DISPLAY,,,Video Production,STORE,In Use,New,
514,XMSA00389,XMSA00389,S3,5,,58184,,FALSE,LARGE LED DISPLAY,,,Video Production,STORE,In Use,New,
515,XMSA00390,XMSA00390,S3,5,,58184,,FALSE,LARGE LED DISPLAY,,,Video Production,STORE,In Use,New,
516,XMSA00391,XMSA00391,S3,5,,58184,,FALSE,LARGE LED DISPLAY,,,Video Production,STORE,In Use,New,
517,XMSA00392,XMSA00392,S3,5,,58184,,FALSE,LARGE LED DISPLAY,,,Video Production,STORE,In Use,New,
518,XMSA00393,XMSA00393,,5,,58184,,FALSE,LARGE LED DISPLAY,,,Video Production,STORE,In Use,New,
519,XMSA00394,XMSA00394,S3,5,,58184,,FALSE,LARGE LED DISPLAY,,,Video Production,STORE,In Use,New,
520,XMSA00395,XMSA00395,S3,5,,58184,,FALSE,LARGE LED DISPLAY,,,Video Production,STORE,In Use,New,
521,XMSA00396,XMSA00396,S3,5,,58184,,FALSE,LARGE LED DISPLAY,,,Video Production,STORE,In Use,New,
522,XMSA00397,XMSA00397,S3,5,,58184,,FALSE,LARGE LED DISPLAY,,,Video Production,STORE,In Use,New,
523,XMSA00398,XMSA00398,S3,5,,58184,,FALSE,LARGE LED DISPLAY,,,Video Production,STORE,In Use,New,
524,XMSA00399,XMSA00399,S3,5,,58184,,FALSE,LARGE LED DISPLAY,,,Video Production,STORE,In Use,New,
525,XMSA00400,XMSA00400,S3,5,,58184,,FALSE,LARGE LED DISPLAY,,,Video Production,STORE,In Use,New,
526,XMSA00401,XMSA00401,S3,5,,58184,,FALSE,LARGE LED DISPLAY,,,Video Production,STORE,In Use,New,
527,XMSA00402,XMSA00402,S3,5,,58184,,FALSE,LARGE LED DISPLAY,,,Video Production,STORE,In Use,New,
528,XMSA00403,XMSA00403,S3,5,,58184,,FALSE,LARGE LED DISPLAY,,,Video Production,STORE,In Use,New,
529,XMSA00404,XMSA00404,S3,5,,58184,,FALSE,LARGE LED DISPLAY,,,Video Production,STORE,In Use,New,
530,XMSA00405,XMSA00405,S3,5,,58184,,FALSE,LARGE LED DISPLAY,,,Video Production,STORE,In Use,New,
531,XMSA00406,XMSA00406,S3,5,,58184,,FALSE,LARGE LED DISPLAY,,,Video Production,STORE,In Use,New,
532,XMSA00407,XMSA00407,S3,5,,58184,,FALSE,LARGE LED DISPLAY,,,Video Production,STORE,In Use,New,
533,XMSA00408,XMSA00408,S3,5,,58184,,FALSE,LARGE LED DISPLAY,,,Video Production,STORE,In Use,New,
534,XMSA00409,XMSA00409,S3,5,,58184,,FALSE,LARGE LED DISPLAY,,,Video Production,STORE,In Use,New,
535,XMSA00410,XMSA00410,S3,5,,58184,,FALSE,LARGE LED DISPLAY,,,Video Production,STORE,In Use,New,
536,XMSA00411,XMSA00411,,5,,58184,,FALSE,LARGE LED DISPLAY,,,Video Production,STORE,In Use,New,
537,XMSA00412,XMSA00412,S3,5,,58184,,FALSE,LARGE LED DISPLAY,,,Video Production,STORE,In Use,New,
538,XMSA00413,XMSA00413,S3,5,,58184,,FALSE,LARGE LED DISPLAY,,,Video Production,STORE,In Use,New,
539,XMSA00414,XMSA00414,S3,5,,58184,,FALSE,LARGE LED DISPLAY,,,Video Production,STORE,In Use,New,
540,XMSA00415,XMSA00415,,5,,58184,,FALSE,LARGE LED DISPLAY,,,Video Production,STORE,In Use,New,
541,XMSA00416,XMSA00416,S3,5,,58184,,FALSE,LARGE LED DISPLAY,,,Video Production,STORE,In Use,New,
542,XMSA00417,XMSA00417,S3,5,,58184,,FALSE,LARGE LED DISPLAY,,,Video Production,STORE,In Use,New,
543,XMSA00418,XMSA00418,S3,5,,58184,,FALSE,LARGE LED DISPLAY,,,Video Production,STORE,In Use,New,
544,XMSA00419,XMSA00419,S3,5,,58184,,FALSE,LARGE LED DISPLAY,,,Video Production,STORE,In Use,New,
545,XMSA00420,XMSA00420,S3,5,,58184,,FALSE,LARGE LED DISPLAY,,,Video Production,STORE,In Use,New,
546,XMSA00421,XMSA00421,S3,5,,58184,,FALSE,LARGE LED DISPLAY,,,Video Production,STORE,In Use,New,
547,XMSA00422,XMSA00422,S3,5,,58184,,FALSE,LARGE LED DISPLAY,,,Video Production,STORE,In Use,New,
548,XMSA00423,XMSA00423,S3,5,,58184,,FALSE,LARGE LED DISPLAY,,,Video Production,STORE,In Use,New,
549,XMSA00424,XMSA00424,S3,5,,58184,,FALSE,LARGE LED DISPLAY,,,Video Production,STORE,In Use,New,
550,XMSA00425,XMSA00425,S3,5,,58184,,FALSE,LARGE LED DISPLAY,,,Video Production,STORE,In Use,New,
551,XMSA00426,XMSA00426,S3,5,,58184,,FALSE,LARGE LED DISPLAY,,,Video Production,STORE,In Use,New,
552,XMSA00427,XMSA00427,S3,5,,58184,,FALSE,LARGE LED DISPLAY,,,Video Production,STORE,In Use,New,
553,XMSA00428,XMSA00428,S3,5,,58184,,FALSE,LARGE LED DISPLAY,,,Video Production,STORE,In Use,New,
554,XMSA00429,XMSA00429,S3,5,,58184,,FALSE,LARGE LED DISPLAY,,,Video Production,STORE,In Use,New,
555,XMSA00430,XMSA00430,S3,5,,58184,,FALSE,LARGE LED DISPLAY,,,Video Production,STORE,In Use,New,
556,XMSA0431,XMSA00431,S3,5,,58184,,FALSE,LARGE LED DISPLAY,,,Video Production,STORE,In Use,New,
557,XMSA0432,XMSA00432,S3,5,,58184,,FALSE,LARGE LED DISPLAY,,,Video Production,STORE,In Use,New,
558,XMSA0433,XMSA00433,,5,,58184,,FALSE,LARGE LED DISPLAY,,,Video Production,STORE,In Use,New,
559,XMSA0434,XMSA00434,S3,5,,58184,,FALSE,LARGE LED DISPLAY,,,Video Production,STORE,In Use,New,
560,XMSA0435,XMSA00435,S3,5,,58184,,FALSE,LARGE LED DISPLAY,,,Video Production,STORE,In Use,New,
561,XMSA0436,XMSA00436,S3,5,,58184,,FALSE,LARGE LED DISPLAY,,,Video Production,STORE,In Use,New,
562,XMSA0437,XMSA00437,S3,5,,58184,,FALSE,LARGE LED DISPLAY,,,Video Production,STORE,In Use,New,
563,XMSA0438,XMSA00438,S3,5,,58184,,FALSE,LARGE LED DISPLAY,,,Video Production,STORE,In Use,New,
564,XMSA0439,XMSA00439,S3,5,,58184,,FALSE,LARGE LED DISPLAY,,,Video Production,STORE,In Use,New,
565,XMSA0440,XMSA00440,S3,5,,58184,,FALSE,LARGE LED DISPLAY,,,Video Production,STORE,In Use,New,
566,XMSA0441,XMSA00441,S3,5,,58184,,FALSE,LARGE LED DISPLAY,,,Video Production,STORE,In Use,New,
567,XMSA0442,XMSA00442,S3,5,,58184,,FALSE,LARGE LED DISPLAY,,,Video Production,STORE,In Use,New,
568,XMSA0443,XMSA00443,S3,5,,58184,,FALSE,LARGE LED DISPLAY,,,Video Production,STORE,In Use,New,
595,XMSA00486,,KX-TS500MX,6,,2000,,FALSE,PANASONIC HEADSET MX,,,Computing & Communication System,OFFICE,In Use,Good,
569,XMSA0444,XMSA00444,S3,5,,58184,,FALSE,LARGE LED DISPLAY,,,Video Production,STORE,In Use,New,
570,XMSA0445,XMSA00445,S3,5,,58184,,FALSE,LARGE LED DISPLAY,,,Video Production,STORE,In Use,New,
596,XMSA00487,,KX-TS500MX,6,,2000,,FALSE,PANASONIC HEADSET MX,,,Computing & Communication System,OFFICE,In Use,Good,
571,XMSA0446,XMSA00446,S3,5,,58184,,FALSE,LARGE LED DISPLAY,,,Video Production,STORE,In Use,New,
573,XMSA00447,XMSA00447,TOWN ACE,6,,790000,,FALSE,TOYOTA TOWN ACE,,,Machinery,TRANSPORT,In Use,Good,
574,XMSA00448,XMSA00448,HIACE,6,,1290000,,FALSE,TOYOTA HIACE,,,Machinery,TRANSPORT,In Use,Good,
575,XMSA00449,S/N PF 02A148 14/07,E540,5,,,,FALSE,LENOVO E540,,,Computing & Communication System,OFFICE,In Use,New,
576,XMSA00450,S/N PF 049WOD 14/09,E540,5,,,,FALSE,LENOVO E540,,,Computing & Communication System,OFFICE,In Use,New,
577,XMSA00451,S/N HB0G3T34,A600,5,,,,TRUE,LENOVO SMART PHONE,,,Computing & Communication System,OFFICE,In Use,New,
578,XMSA00452,S/N HG SJ 3136,MP 1060,5,,,,TRUE,LENOVO SMART PHONE,,,Computing & Communication System,OFFICE,In Use,New,
579,XMSA00453,S/N HBOG4K6B,BL 242,5,,,,TRUE,LENOVO SMART PHONE,,,Computing & Communication System,OFFICE,In Use,New,
580,XMSA00454,HBOG47N6,A6000,5,,,,TRUE,LENOVO SMART PHONE,,,Computing & Communication System,OFFICE,In Use,New,
581,XMSA00455,7.41506E+11,ME-200-VU,5,,,,FALSE,UPS MECER,,,Computing & Communication System,OFFICE,In Use,New,
582,XMSA00456,7.41506E+11,ME-2000-VU,5,,,,FALSE,UPS MECER,,,Computing & Communication System,OFFICE,In Use,New,
583,XMSA00457,2.41308E+11,ME-650-VU,5,,,,FALSE,UPS MECER,,,Computing & Communication System,OFFICE,In Use,New,
584,XMSA00458,TSP 870 7358C-REV 3,C 3000,5,,,,FALSE,SMART-UPS,,,Computing & Communication System,OFFICE,In Use,New,
585,XMSA00459,2.41504E+11,ME-650-VU,5,,,,FALSE,UPS MECER,,,Computing & Communication System,OFFICE,In Use,New,
597,XMSA00488,,KX-TS500MX,6,,,,FALSE,PANASONIC HEADSET MX,,,Computing & Communication System,All Locations,In Use,Good,
587,XMSA00461,,CV1P0228W,5,,17000,,FALSE,CCTV: DOME CAMERA,,,Computing & Communication System,STORE,In Use,New,
588,XMSA00462,,CV1P0228W,5,,17000,,FALSE,CCTV: DOME CAMERA,,,Computing & Communication System,Compound,In Use,New,
589,XMSA00463,,CV1P0228W,5,,17000,,FALSE,CCTV: DOME CAMERA,,,Computing & Communication System,Compound,In Use,New,
590,XMSA00464,,CV1P0228W,5,,17000,,FALSE,CCTV: DOME CAMERA,,,Computing & Communication System,Compound,In Use,New,
591,XMSA00465,,CV1P0228W,5,,17000,,FALSE,CCTV: DOME CAMERA,,,Computing & Communication System,Compound,In Use,New,
592,XMSA00466,,CV1P0228W,5,,17000,,FALSE,CCTV: DOME CAMERA,,,Computing & Communication System,Compound,In Use,New,
593,XMSA00467,,CV1P0228W,5,,17000,,FALSE,CCTV: DOME CAMERA,,,Computing & Communication System,Compound,In Use,New,
594,XMSA00468,,CV-1P2118W,5,,16000,,FALSE,CCTV: BULLET CAMERA,,,Computing & Communication System,Compound,In Use,New,
598,XMSA00489,,KX-TS500MX,,,2000,,FALSE,PANASONIC HEADSET MX,,,Computing & Communication System,OFFICE,,,
599,XMSA00490,,KX-TS500MX,6,,,,FALSE,PANASONIC HEADSET MX,,,Computing & Communication System,TRANSPORT,In Use,Good,
600,XMSA00491,,,6,,3000,,FALSE,ROUTER: MAXIS,,,Computing & Communication System,OFFICE,In Use,Good,
601,XMSA00492,,,6,,3000,,FALSE,ROUTER :MAXIS,,,Computing & Communication System,OFFICE,In Use,Good,
602,XMSA00493,,VEV-VEV1000 VHF/UHF,6,,4000,,FALSE,COMMUNICATION RADIO (WIRELESS),,,Computing & Communication System,OFFICE,In Use,Good,
603,XMSA00494,,VEV-VEV1000 VHF/UHF,6,,4000,,FALSE,COMMUNICATION RADIO(WIRELESS),,,Computing & Communication System,All Locations,In Use,Good,
604,XMSA00495,,,6,,4000,,FALSE,COMMUNICATION RADIO(WIRELESS),,,Computing & Communication System,All Locations,,Good,
605,XMSA00496,,VEV-VEV1000 VHF/UHF,6,,4000,,FALSE,COMMUNICATION RADIO(WIRELESS),,,Computing & Communication System,All Locations,In Use,Good,
606,XMSA00497,,VEV-VEV1000 VHF/UHF,6,,4000,,FALSE,COMMUNICATION RADIO(WIRELESS),,,Computing & Communication System,All Locations,In Use,Good,
607,XMSA00498,,VEV-VEV1000 VHF/UHF,6,,4000,,FALSE,COMMUNICATION RADIO(WIRELESS),,,Computing & Communication System,All Locations,In Use,Good,
608,XMSA00499,,VEV-VEV1000 VHF/UHF,6,,4000,,FALSE,COMMUNICATION RADIO(WIRELESS),,,Computing & Communication System,All Locations,In Use,Good,
609,XMSA00500,XMSA00500,,6,,10000,,FALSE,HIGHBACK SWIVEL CHAIR,,,Furniture,OFFICE,In Use,Good,
610,XMSA00501,XMSA00501,,6,,10000,,FALSE,HIGHBACK SWIVEL CHAIR,,,Furniture,OFFICE,In Use,Good,
611,XMSA00502,XMSA00502,,6,,10000,,FALSE,HIGHBACK SWIVEL CHAIR,,,Furniture,OFFICE,In Use,Good,
612,XMSA00503,XMSA00503,,6,,10000,,FALSE,HIGHBACK SWIVEL CHAIR,,,Furniture,OFFICE,In Use,Good,
613,XMSA00504,XMSA00504,,6,,10000,,FALSE,HIGHBACK SWIVEL CHAIR,,,Furniture,OFFICE,In Use,Good,
614,XMSA00505,XMSA00505,,5,,,,FALSE,HIGHBACK SWIVEL CHAIR,,,Furniture,OFFICE,In Use,New,
615,XMSA00506,XMSA00506,,6,,,,FALSE,HIGHBACK SWIVEL CHAIR,,,Furniture,OFFICE,In Use,Good,
616,XMSA00507,XMSA00507,,6,,,,FALSE,HIGHBACK SWIVEL CHAIR,,,Furniture,OFFICE,In Use,Good,
617,XMSA0513,1414123169,,5,,,,FALSE,SENNHEISER mic ew500-935G,,,Audio Production,STORE,In Use,New,
618,XMSA0516,1244289376,,5,,,,FALSE,SENNHEISER mic ew500-935G,,,Audio Production,All Locations,In Use,New,
619,XMSA0519,1414123165,,5,,,,FALSE,SENNHEISER mic ew500-935G,,,Audio Production,STORE,In Use,New,
620,XMSA0522,1414123166,,5,,,,FALSE,SENNHEISER mic ew500-935G,,,Audio Production,OFFICE,In Use,New,
621,XMSA0514,1394123164,,5,,,,FALSE,SENNHEISER RECIEVER TRUE DIVERSITY ew500G,,,Audio Production,STORE,In Use,New,
622,XMSA0517,1274381670,EW500G,5,,,,FALSE,SENNHEISER RECIEVER TRUE DIVERSITY ew500G,,,Audio Production,STORE,In Use,New,
623,XMSA0520,1394123164,,5,,,,FALSE,SENNHEISER RECIEVER TRUE DIVERSITY ew500G,,,Audio Production,STORE,In Use,New,
624,XMSA0523,1394123160,,5,,,,FALSE,SENNHEISER RECIEVER TRUE DIVERSITY ew500G,,,Audio Production,STORE,In Use,New,
625,XMSA0515,XMSA0515,NT 2-3 ME 95,5,,,,FALSE,SENNHEISER SWITCHING POWER SUPPLY,,,Audio Production,STORE,In Use,New,
626,XMSA0518,XMSA0518,NT2-3 ME95,5,,,,FALSE,SENNHEISER SWITCHING POWER SUPPLY,,,Audio Production,STORE,In Use,New,
627,XMSA0521,XMSA0521,NT2-3 ME95,5,,,,FALSE,SENNHEISER SWITCHING POWER SUPPLY,,,Audio Production,STORE,In Use,New,
628,XMSA0524,XMSA0524,NT2-3 ME95,5,,,,FALSE,SENNHEISER SWITCHING POWER SUPPLY,,,Audio Production,STORE,In Use,New,
